storm_id,year,storm_name,timestamp,latitude,longitude,wmo_wind_kt,wmo_pressure_mb,usa_wind_kt,usa_pressure_mb
2024145N14087,2024,REMAL,2024-05-23 12:00:00,13.6,86.6, , ,15,1000
2024145N14087,2024,REMAL,2024-05-23 15:00:00,13.9,87.2, , ,15,999
2024145N14087,2024,REMAL,2024-05-23 18:00:00,14.3,87.7, , ,15,998
2024145N14087,2024,REMAL,2024-05-23 21:00:00,14.7,88.2, , ,18,997
2024145N14087,2024,REMAL,2024-05-24 00:00:00,15.2,88.6,25,996,20,996
2024145N14087,2024,REMAL,2024-05-24 03:00:00,15.5,89.0,25,996,23,995
2024145N14087,2024,REMAL,2024-05-24 06:00:00,15.9,89.3,25,996,25,994
2024145N14087,2024,REMAL,2024-05-24 09:00:00,16.1,89.4, , ,25,994
2024145N14087,2024,REMAL,2024-05-24 12:00:00,16.4,89.6,25,995,25,993
2024145N14087,2024,REMAL,2024-05-24 15:00:00,16.7,89.7, , ,25,993
2024145N14087,2024,REMAL,2024-05-24 18:00:00,17.0,89.9,25,995,25,992
2024145N14087,2024,REMAL,2024-05-24 21:00:00,17.2,89.9, , ,25,992
2024145N14087,2024,REMAL,2024-05-25 00:00:00,17.6,90.0,30,993,25,991
2024145N14087,2024,REMAL,2024-05-25 03:00:00,17.9,89.8,30,992,25,991
2024145N14087,2024,REMAL,2024-05-25 06:00:00,18.2,89.6,30,991,25,990
2024145N14087,2024,REMAL,2024-05-25 09:00:00,18.4,89.5, , ,28,989
2024145N14087,2024,REMAL,2024-05-25 12:00:00,18.7,89.3,35,989,30,987
2024145N14087,2024,REMAL,2024-05-25 15:00:00,18.9,89.2,35,989,30,987
2024145N14087,2024,REMAL,2024-05-25 18:00:00,19.2,89.2,40,988,30,986
2024145N14087,2024,REMAL,2024-05-25 21:00:00,19.4,89.2,45,986,35,986
2024145N14087,2024,REMAL,2024-05-26 00:00:00,19.6,89.2,50,984,40,985
2024145N14087,2024,REMAL,2024-05-26 03:00:00,19.9,89.1,50,984,45,984
2024145N14087,2024,REMAL,2024-05-26 06:00:00,20.3,89.1,50,983,50,983
2024145N14087,2024,REMAL,2024-05-26 09:00:00,20.6,89.1,55,981,53,982
2024145N14087,2024,REMAL,2024-05-26 12:00:00,21.2,89.1,60,978,55,980
2024145N14087,2024,REMAL,2024-05-26 14:00:00,21.5,89.0, , ,60,977
2024145N14087,2024,REMAL,2024-05-26 15:00:00,21.6,89.0,60,978,59,977
2024145N14087,2024,REMAL,2024-05-26 18:00:00,22.0,88.9,60,978,55,979
2024145N14087,2024,REMAL,2024-05-26 21:00:00,22.2,88.9,55,980,53,980
2024145N14087,2024,REMAL,2024-05-27 00:00:00,22.6,89.0,45,982,50,980
2024145N14087,2024,REMAL,2024-05-27 03:00:00,22.8,89.1,40,984,48,981
2024145N14087,2024,REMAL,2024-05-27 06:00:00,23.1,89.1,35,985,45,981
2024145N14087,2024,REMAL,2024-05-27 09:00:00,23.3,89.3,35,986,40,983
2024145N14087,2024,REMAL,2024-05-27 12:00:00,23.6,89.6,35,987,35,985
2024145N14087,2024,REMAL,2024-05-27 15:00:00,23.8,90.1,30,988,33,986
2024145N14087,2024,REMAL,2024-05-27 18:00:00,24.1,90.5,30,990,30,987
2024145N14087,2024,REMAL,2024-05-27 21:00:00,24.3,90.8, , ,25,991
2024145N14087,2024,REMAL,2024-05-28 00:00:00,24.5,91.1,20,991,20,995
2024145N14087,2024,REMAL,2024-05-28 03:00:00,24.7,91.5,20,992, , 
2024145N14087,2024,REMAL,2024-05-28 06:00:00,25.1,91.8,20,993, , 
